"","vegetation.type","myrtaceae","fabaceae","rubiaceae"
"1","Restinga",3,16,24
"2","Restinga",4,27,34
"3","Restinga",9,38,34
"4","Restinga",4,38,24
"5","Restinga",9,38,24
"6","Restinga",9,78,42
"7","Restinga",9,9,42
"8","Restinga",7,78,24
"9","Restinga",15,49,41
"10","Restinga",79,16,13
"11","Restinga",15,87,24
"12","Restinga",5,70,34
"13","Restinga",6,8,24
"14","Restinga",15,87,41
"15","Restinga",11,3,43
"16","Restinga",13,3,40
"17","Restinga",15,12,40
"18","Restinga",20,3,43
"19","Restinga",15,13,40
"20","Restinga",21,11,43
"21","Restinga",17,6,42
"22","Restinga",9,78,40
"23","Restinga",25,3,5
"24","Restinga",25,8,42
"25","Restinga",5,60,40
"26","Restinga",21,87,41
"27","Restinga",15,87,42
"28","Restinga",21,3,43
"29","Restinga",10,87,42
"30","Restinga",9,3,43
"31","Restinga",3,9,3
"32","Restinga",3,8,41
"33","Restinga",25,8,44
"34","Restinga",14,10,7
"35","Restinga",18,10,42
"36","Restinga",29,87,4
"37","Restinga",21,12,6
"38","Restinga",3,87,34
"39","Restinga",14,60,34
"40","Restinga",13,12,34
"41","Restinga",11,3,40
"42","Restinga",27,17,41
"43","Restinga",20,13,40
"44","Restinga",15,8,24
"45","Restinga",7,8,34
"46","Restinga",5,6,34
"47","Restinga",15,9,43
"48","Restinga",24,21,44
"49","Restinga",17,8,34
"50","Restinga",7,87,24
"51","Restinga",13,3,24
"52","Restinga",10,9,43
"53","Restinga",4,15,42
"54","Restinga",18,87,41
"55","Restinga",13,3,13
"56","Restinga",16,18,13
"57","Restinga",20,11,42
"58","Restinga",21,11,41
"59","Restinga",3,2,2
"60","Restinga",16,8,40
"61","Restinga",14,87,40
"62","Restinga",17,10,43
"63","Restinga",27,10,42
"64","Restinga",5,13,24
"65","Restinga",13,8,43
"66","Restinga",14,6,41
"67","Restinga",18,10,42
"68","Restinga",5,14,40
"69","Restinga",14,14,43
"70","Restinga",20,13,5
"71","Restinga",16,13,4
"72","Restinga",17,11,43
"73","Restinga",28,30,42
"74","Restinga",15,20,40
"75","Restinga",17,15,41
"76","Restinga",26,14,3
"77","Restinga",19,18,34
"78","Restinga",21,12,3
"79","Restinga",20,24,40
"80","Restinga",34,2,24
"81","Restinga",15,12,43
"82","Restinga",16,10,43
"83","Restinga",18,18,5
"84","Restinga",23,2,13
"85","Restinga",13,11,4
"86","Restinga",16,19,5
"87","Restinga",19,23,3
"88","Restinga",19,21,4
"89","Restinga",20,20,10
"90","Restinga",11,21,5
"91","Restinga",9,17,4
"92","Restinga",27,24,10
"93","Restinga",27,22,10
"94","Restinga",31,33,10
"95","Restinga",22,20,5
"96","Restinga",19,29,7
"97","Restinga",18,26,7
"98","Restinga",5,21,4
"99","Restinga",1,19,3
"100","Restinga",3,18,44
"101","Restinga",4,13,44
"102","Restinga",11,17,3
"103","Restinga",4,15,5
"104","Restinga",16,22,7
"105","Restinga",67,8,42
"106","Restinga",79,87,40
"107","Restinga",17,15,43
"108","Restinga",26,23,44
"109","Restinga",9,20,43
"110","Restinga",29,21,9
"111","Restinga",67,70,40
"112","Restinga",67,87,24
"113","Restinga",67,9,40
"114","Restinga",10,10,42
"115","Restinga",25,12,5
"116","Restinga",7,12,3
"117","Restinga",45,78,34
"118","Restinga",13,3,42
"119","Restinga",10,8,43
"120","Restinga",2,87,42
"121","Restinga",7,9,41
"122","Restinga",19,10,43
"123","Restinga",15,6,42
"124","Restinga",3,13,4
"125","Restinga",21,10,4
"126","Restinga",13,11,44
"127","Restinga",9,8,3
"128","Restinga",67,6,41
"129","Restinga",15,11,41
"130","Restinga",7,8,3
"131","Restinga",11,9,40
"132","Restinga",16,9,34
"133","Restinga",18,13,42
"134","Restinga",10,8,34
"135","Restinga",9,12,41
"136","Restinga",20,15,44
"137","Restinga",67,6,41
"138","Restinga",9,20,44
"139","Restinga",9,11,43
"140","Restinga",15,18,34
"141","Restinga",74,3,34
"142","Restinga",6,8,42
"143","Restinga",74,3,34
"144","Restinga",9,8,42
"145","Restinga",6,3,44
"146","Restinga",11,9,40
"147","Restinga",6,8,40
"148","Restinga",7,8,43
"149","Restinga",74,3,34
"150","Restinga",15,9,34
"151","Restinga",10,10,13
"152","Restinga",14,10,42
"153","Restinga",5,12,41
"154","Restinga",56,70,34
"155","Restinga",17,14,42
"156","Restinga",7,3,24
"157","Restinga",74,3,34
"158","Restinga",4,87,13
"159","Restinga",45,70,24
"160","Restinga",74,6,24
"161","Restinga",67,8,13
"162","Restinga",2,6,13
"163","Restinga",2,9,13
"164","Restinga",67,8,34
"165","Restinga",6,3,24
"166","Restinga",34,12,34
"167","Restinga",4,70,24
"168","Restinga",74,3,44
"169","Restinga",45,8,34
"170","Restinga",3,78,40
"171","Restinga",79,70,24
"172","Restinga",45,8,13
"173","Restinga",74,12,24
"174","Restinga",56,87,13
"175","Restinga",79,8,13
"176","Restinga",56,60,13
"177","Restinga",56,78,34
"178","Restinga",74,60,24
"179","Restinga",45,3,24
"180","Restinga",34,78,34
"181","Restinga",34,78,2
"182","Rocky",18,60,1
"183","Rocky",14,49,13
"184","Rocky",20,60,34
"185","Rocky",17,38,24
"186","Rocky",20,38,24
"187","Rocky",16,60,13
"188","Rocky",24,27,24
"189","Rocky",29,2,24
"190","Rocky",32,49,41
"191","Rocky",27,27,40
"192","Rocky",25,1,40
"193","Rocky",25,27,41
"194","Rocky",25,16,42
"195","Rocky",27,2,44
"196","Rocky",19,49,40
"197","Rocky",17,16,42
"198","Rocky",17,16,41
"199","Rocky",9,16,24
"200","Rocky",19,2,24
"201","Rocky",3,2,43
"202","Rocky",6,60,34
"203","Rocky",21,60,8
"204","Rocky",13,49,13
"205","Rocky",15,60,34
"206","Rocky",32,9,5
"207","Rocky",6,38,1
"208","Rocky",46,11,4
"209","Rocky",10,70,1
"210","Rocky",27,11,44
"211","Rocky",29,60,41
"212","Rocky",5,3,42
"213","Rocky",20,6,24
"214","Rocky",29,70,41
"215","Rocky",40,6,44
"216","Rocky",18,38,40
"217","Rocky",25,60,42
"218","Rocky",24,12,3
"219","Rocky",25,3,5
"220","Rocky",27,78,5
"221","Rocky",31,78,7
"222","Rocky",28,70,7
"223","Rocky",17,78,40
"224","Rocky",18,70,3
"225","Rocky",17,87,42
"226","Rocky",11,78,34
"227","Rocky",30,6,43
"228","Rocky",38,21,10
"229","Rocky",20,70,42
"230","Rocky",17,3,44
"231","Rainforest",22,60,40
"232","Rainforest",31,6,42
"233","Rainforest",43,9,43
"234","Rainforest",49,9,4
"235","Rainforest",60,15,3
"236","Rainforest",36,49,42
"237","Rainforest",31,87,7
"238","Rainforest",49,10,42
"239","Rainforest",36,19,7
"240","Rainforest",38,9,7
"241","Rainforest",35,10,41
"242","Rainforest",32,6,44
"243","Rainforest",48,21,8
"244","Rainforest",22,13,5
"245","Rainforest",47,12,7
"246","Rainforest",35,25,9
"247","Rainforest",58,30,11
"248","Rainforest",17,8,12
"249","Rainforest",20,3,42
"250","Rainforest",49,15,12
"251","Rainforest",22,20,4
"252","Rainforest",57,19,18
"253","Rainforest",48,22,20
"254","Rainforest",27,60,40
"255","Rainforest",27,18,6
"256","Rainforest",21,87,42
"257","Rainforest",51,18,12
"258","Rainforest",20,8,41
"259","Rainforest",25,60,44
"260","Rainforest",26,60,42
"261","Rainforest",31,33,17
"262","Rainforest",25,70,44
"263","Rainforest",50,22,43
"264","Rainforest",47,43,23
"265","Rainforest",55,42,23
"266","Rainforest",63,50,23
"267","Rainforest",58,36,27
"268","Rainforest",20,38,24
"269","Rainforest",51,25,15
"270","Rainforest",30,11,41
"271","Rainforest",38,19,44
"272","Rainforest",14,12,12
"273","Rainforest",44,8,3
"274","Rainforest",29,21,3
"275","Rainforest",24,12,42
"276","Rainforest",38,70,7
"277","Rainforest",29,35,18
"278","Rainforest",43,21,8
"279","Rainforest",40,11,9
"280","Rainforest",27,78,42
"281","Rainforest",41,14,5
"282","Rainforest",32,12,3
"283","Rainforest",37,9,7
"284","Rainforest",17,13,6
"285","Rainforest",47,29,7
"286","Rainforest",38,24,8
"287","Rainforest",48,17,6
"288","Rainforest",38,6,7
"289","Rainforest",11,78,4
"290","Rainforest",44,21,6
"291","Rainforest",42,70,5
"292","Rainforest",20,6,44
"293","Rainforest",31,87,43
"294","Rainforest",27,78,4
"295","Rainforest",24,8,3
"296","Rainforest",49,3,6
"297","Rainforest",39,3,44
"298","Rainforest",18,70,13
"299","Rainforest",32,10,43
"300","Rainforest",29,9,44
"301","Rainforest",30,14,41
"302","Rainforest",22,10,42
"303","Rainforest",15,9,43
"304","Rainforest",27,8,3
"305","Rainforest",30,10,42
"306","Rainforest",16,10,42
"307","Rainforest",37,8,43
"308","Rainforest",24,15,41
"309","Rainforest",25,13,4
"310","Rainforest",19,10,3
"311","Rainforest",7,8,43
"312","Rainforest",13,10,3
"313","Rainforest",15,11,43
"314","Rainforest",9,78,40
"315","Rainforest",47,18,6
"316","Rainforest",31,13,3
"317","Rainforest",25,14,6
"318","Rainforest",15,87,40
"319","Rainforest",18,87,44
"320","Rainforest",33,78,4
"321","Rainforest",36,14,4
"322","Rainforest",17,3,3
"323","Rainforest",35,13,4
"324","Rainforest",58,20,10
"325","Rainforest",37,10,44
"326","Rainforest",36,10,7
"327","Rainforest",43,23,10
"328","Rainforest",21,17,3
"329","Rainforest",42,9,8
"330","Rainforest",36,14,9
"331","Rainforest",35,17,9
"332","Rainforest",41,19,6
"333","Rainforest",38,13,43
"334","Rainforest",38,17,11
"335","Rainforest",44,22,9
"336","Rainforest",25,3,43
"337","Rainforest",38,13,44
"338","Rainforest",47,26,9
"339","Rainforest",53,13,44
"340","Rainforest",30,18,9
"341","Rainforest",28,3,43
"342","Rainforest",40,10,42
"343","Rainforest",43,18,7
"344","Rainforest",48,18,12
"345","Rainforest",32,11,4
"346","Rainforest",43,20,9
"347","Rainforest",37,6,5
"348","Rainforest",38,70,3
"349","Rainforest",26,20,6
"350","Rainforest",38,12,4
"351","Rainforest",32,20,8
"352","Rainforest",36,70,41
"353","Rainforest",51,14,3
"354","Rainforest",36,22,4
"355","Rainforest",30,21,4
"356","Rainforest",44,20,4
"357","Rainforest",51,22,9
"358","Rainforest",58,12,4
"359","Rainforest",39,18,10
"360","Rainforest",47,14,8
"361","Rainforest",39,23,8
"362","Rainforest",40,29,11
"363","Rainforest",44,14,41
"364","Rainforest",37,21,11
"365","Rainforest",44,28,8
"366","Rainforest",38,12,8
"367","Rainforest",31,15,43
"368","Rainforest",43,22,10
"369","Rainforest",32,11,43
"370","Rainforest",35,10,40
"371","Rainforest",28,23,6
"372","Rainforest",33,18,8
"373","Rainforest",41,14,44
"374","Rainforest",24,28,6
"375","Rainforest",31,19,8
"376","Rainforest",38,28,8
"377","Rainforest",53,15,4
"378","Rainforest",57,24,15
"379","Rainforest",31,25,9
"380","Rainforest",43,26,10
"381","Rainforest",59,30,15
"382","Rainforest",49,12,6
"383","Rainforest",55,25,12
"384","Rainforest",70,29,14
"385","Rainforest",38,21,5
"386","Rainforest",36,49,44
"387","Rainforest",60,31,14
"388","Rainforest",68,39,19
"389","Rainforest",64,39,19
"390","Rainforest",24,17,5
"391","Rainforest",48,24,9
"392","Rainforest",30,17,9
"393","Rainforest",68,40,20
"394","Rainforest",52,26,21
"395","Rainforest",40,20,4
"396","Rainforest",18,87,43
"397","Rainforest",39,19,5
"398","Rainforest",51,29,17
"399","Rainforest",40,30,6
"400","Rainforest",53,22,12
"401","Rainforest",17,19,34
"402","Rainforest",29,19,4
"403","Rainforest",57,28,10
"404","Rainforest",47,30,16
"405","Rainforest",69,35,26
"406","Rainforest",51,25,16
"407","Rainforest",40,22,18
"408","Rainforest",46,19,8
"409","Rainforest",43,22,16
"410","Rainforest",64,28,20
"411","Rainforest",66,34,17
"412","Rainforest",75,25,16
"413","Rainforest",33,14,44
"414","Rainforest",50,24,25
"415","Rainforest",26,13,5
"416","Rainforest",30,33,18
"417","Rainforest",52,11,18
"418","Rainforest",31,11,3
"419","Rainforest",32,21,6
"420","Rainforest",44,8,11
"421","Rainforest",36,28,19
"422","Rainforest",31,24,17
"423","Rainforest",47,24,20
"424","Rainforest",18,24,6
"425","Rainforest",54,25,10
"426","Rainforest",78,17,18
"427","Rainforest",47,25,11
"428","Rainforest",46,29,28
"429","Rainforest",44,20,14
"430","Rainforest",65,52,22
"431","Rainforest",59,23,14
"432","Rainforest",41,24,8
"433","Rainforest",32,23,6
"434","Rainforest",55,29,25
"435","Rainforest",39,22,17
"436","Rainforest",70,59,20
"437","Rainforest",28,29,6
"438","Rainforest",22,18,8
"439","Rainforest",22,26,5
"440","Rainforest",46,44,9
"441","Rainforest",50,29,32
"442","Rainforest",38,37,14
"443","Rainforest",7,11,7
"444","Rainforest",33,87,7
"445","Rainforest",63,37,35
"446","Rainforest",61,36,29
"447","Rainforest",54,42,23
"448","Rainforest",58,14,23
"449","Rainforest",50,13,18
"450","Rainforest",26,39,12
"451","Rainforest",61,29,30
"452","Rainforest",26,22,14
"453","Rainforest",10,3,4
"454","Rainforest",24,25,10
"455","Rainforest",16,15,44
"456","Rainforest",26,19,4
"457","Rainforest",25,19,8
"458","Rainforest",13,17,42
"459","Rainforest",49,61,21
"460","Rainforest",37,45,17
"461","Rainforest",31,32,18
"462","Rainforest",65,69,35
"463","Rainforest",78,7,36
"464","Rainforest",27,29,10
"465","Rainforest",28,33,22
"466","Rainforest",33,54,11
"467","Rainforest",42,58,27
"468","Rainforest",42,46,23
"469","Rainforest",21,39,10
"470","Rainforest",29,39,9
"471","Rainforest",22,33,16
"472","Rainforest",26,21,8
"473","Rainforest",19,48,11
"474","Rainforest",26,30,6
"475","Rainforest",13,32,14
"476","Rainforest",33,45,15
"477","Rainforest",25,53,12
"478","Rainforest",13,26,5
"479","Rainforest",6,30,6
"480","Rainforest",11,35,10
"481","Rainforest",57,45,35
"482","Rainforest",55,81,31
"483","Rainforest",62,75,27
"484","Rainforest",19,32,43
"485","Rainforest",16,40,16
"486","Rainforest",58,77,39
"487","Rainforest",18,43,6
"488","Rainforest",25,14,9
"489","Rainforest",49,67,18
"490","Rainforest",50,32,28
"491","Rainforest",73,71,36
"492","Rainforest",38,28,20
"493","Rainforest",57,69,22
"494","Rainforest",42,48,7
"495","Rainforest",40,63,21
"496","Rainforest",57,50,23
"497","Rainforest",35,54,25
"498","Rainforest",36,57,11
"499","Rainforest",76,73,33
"500","Rainforest",28,55,16
"501","Rainforest",53,74,29
"502","Rainforest",10,39,3
"503","Rainforest",16,21,10
"504","Rainforest",35,24,11
"505","Rainforest",25,32,12
"506","Rainforest",28,44,11
"507","Rainforest",24,37,12
"508","Rainforest",44,48,19
"509","Rainforest",26,39,14
"510","Rainforest",4,39,4
"511","Rainforest",30,26,27
"512","Rainforest",7,32,41
"513","Rainforest",9,54,4
"514","Rainforest",49,59,26
"515","Rainforest",55,40,19
"516","Rainforest",26,36,8
"517","Rainforest",8,84,37
"518","Rainforest",22,79,5
"519","Rainforest",22,35,8
"520","Rainforest",17,63,6
"521","Rainforest",48,73,16
"522","Rainforest",18,46,6
"523","Rainforest",77,5,27
"524","Rainforest",47,82,10
"525","Rainforest",46,57,14
"526","Rainforest",32,59,7
"527","Rainforest",46,75,11
"528","Rainforest",35,69,5
"529","Rainforest",25,62,6
"530","Rainforest",25,50,3
"531","Rainforest",26,58,7
"532","Rainforest",27,54,6
"533","Rainforest",22,55,9
"534","Rainforest",43,67,26
"535","Rainforest",50,75,22
"536","Rainforest",9,11,9
"537","Rainforest",43,83,28
"538","Rainforest",35,62,18
"539","Rainforest",47,88,30
"540","Rainforest",41,69,20
"541","Rainforest",16,41,15
"542","Rainforest",18,33,26
"543","Rainforest",18,36,11
"544","Rainforest",20,37,14
"545","Rainforest",72,85,38
"546","Rainforest",15,20,27
"547","Rainforest",4,31,10
"548","Rainforest",48,76,29
"549","Rainforest",5,31,5
"550","Rainforest",70,4,31
"551","Rainforest",17,15,22
"552","Rainforest",42,86,19
"553","Rainforest",15,34,18
"554","Rainforest",57,68,27
"555","Rainforest",42,59,30
"556","Rainforest",22,68,14
"557","Rainforest",36,63,28
"558","Rainforest",25,53,19
"559","Rainforest",13,28,9
"560","Rainforest",13,28,11
"561","Rainforest",6,57,21
"562","Rainforest",7,34,10
"563","Rainforest",13,44,16
"564","Rainforest",2,24,14
"565","Rainforest",14,42,20
"566","Rainforest",6,19,10
"567","Rainforest",6,41,9
"568","Rainforest",13,44,11
"569","Rainforest",35,57,27
"570","Rainforest",20,51,17
"571","Rainforest",5,8,43
"572","Rainforest",16,25,4
"573","Rainforest",19,36,14
"574","Rainforest",20,35,11
"575","Rainforest",25,37,10
"576","Rainforest",21,45,15
"577","Rainforest",14,33,6
"578","Rainforest",14,20,43
"579","Rainforest",24,17,4
"580","Rainforest",19,21,24
"581","Rainforest",16,24,41
"582","Rainforest",13,11,41
"583","Rainforest",10,21,41
"584","Rainforest",20,43,15
"585","Rainforest",7,28,7
"586","Rainforest",17,33,10
"587","Rainforest",5,25,4
"588","Rainforest",6,30,7
"589","Rainforest",5,31,10
"590","Rainforest",4,39,10
"591","Rainforest",15,30,16
"592","Rainforest",16,28,5
"593","Rainforest",3,22,7
"594","Rainforest",7,32,10
"595","Rainforest",9,32,8
"596","Rainforest",17,29,6
"597","Rainforest",2,34,19
"598","Rainforest",1,23,7
"599","Rainforest",7,29,43
"600","Rainforest",15,37,5
"601","Rainforest",17,32,11
"602","Rainforest",30,42,6
"603","Rainforest",11,21,7
"604","Rainforest",9,31,43
"605","Rainforest",5,26,41
"606","Rainforest",15,31,44
"607","Rainforest",10,26,7
"608","Rainforest",3,40,3
"609","Rainforest",17,42,14
"610","Rainforest",9,29,4
"611","Rainforest",18,47,16
"612","Rainforest",5,52,9
"613","Rainforest",11,45,8
"614","Rainforest",22,37,11
"615","Rainforest",17,43,8
"616","Rainforest",11,32,3
"617","Rainforest",21,42,10
"618","Rainforest",4,18,14
"619","Rainforest",79,22,7
"620","High.Elevation",6,6,40
"621","High.Elevation",13,78,13
"622","High.Elevation",37,10,40
"623","High.Elevation",20,6,13
"624","High.Elevation",21,9,13
"625","High.Elevation",29,78,24
"626","High.Elevation",21,13,40
"627","High.Elevation",6,87,24
"628","High.Elevation",21,78,1
"629","High.Elevation",6,38,13
"630","High.Elevation",6,60,24
"631","High.Elevation",30,19,40
"632","High.Elevation",24,13,13
"633","High.Elevation",18,60,2
"634","High.Elevation",21,6,2
"635","High.Elevation",32,9,34
"636","High.Elevation",28,11,24
"637","High.Elevation",21,6,34
"638","High.Elevation",18,6,2
"639","High.Elevation",7,70,13
"640","High.Elevation",15,60,24
"641","High.Elevation",19,6,2
"642","High.Elevation",11,78,24
"643","High.Elevation",20,78,24
"644","High.Elevation",29,60,41
"645","High.Elevation",28,18,24
"646","High.Elevation",9,87,13
"647","High.Elevation",31,15,34
"648","High.Elevation",17,60,1
"649","High.Elevation",9,3,24
"650","High.Elevation",17,49,24
"651","High.Elevation",15,60,2
"652","High.Elevation",10,87,2
"653","High.Elevation",13,38,1
"654","High.Elevation",24,78,1
"655","High.Elevation",20,60,24
"656","High.Elevation",9,10,1
"657","High.Elevation",16,49,24
"658","High.Elevation",11,70,24
"659","High.Elevation",15,38,13
"660","High.Elevation",3,8,40
"661","High.Elevation",4,6,13
"662","High.Elevation",6,11,24
"663","High.Elevation",4,6,24
"664","High.Elevation",18,27,1
"665","High.Elevation",3,3,2
"666","High.Elevation",32,78,2
"667","High.Elevation",6,8,2
"668","High.Elevation",11,27,1
"669","High.Elevation",7,6,24
"670","High.Elevation",29,60,2
"671","High.Elevation",31,9,13
"672","High.Elevation",29,87,34
"673","High.Elevation",28,3,2
"674","High.Elevation",20,70,13
"675","High.Elevation",18,14,40
"676","High.Elevation",20,22,24
"677","High.Elevation",14,16,2
"678","High.Elevation",18,8,34
"679","High.Elevation",11,3,2
"680","High.Elevation",14,6,13
"681","High.Elevation",16,87,13
"682","High.Elevation",5,15,24
"683","High.Elevation",19,60,24
"684","High.Elevation",19,10,24
"685","High.Elevation",7,14,24
"686","High.Elevation",16,8,34
"687","High.Elevation",19,78,13
"688","High.Elevation",28,60,2
"689","High.Elevation",33,87,13
"690","High.Elevation",11,13,24
"691","High.Elevation",5,9,41
"692","High.Elevation",5,11,13
"693","High.Elevation",20,70,13
"694","High.Elevation",9,70,34
"695","High.Elevation",9,13,24
"696","High.Elevation",18,78,24
"697","High.Elevation",18,87,24
"698","High.Elevation",13,13,24
"699","High.Elevation",15,78,24
"700","High.Elevation",25,70,13
"701","High.Elevation",10,70,13
"702","High.Elevation",27,70,13
"703","High.Elevation",13,11,34
"704","High.Elevation",15,38,13
"705","High.Elevation",1,12,24
"706","High.Elevation",20,8,24
"707","High.Elevation",24,87,1
"708","High.Elevation",27,3,2
"709","High.Elevation",6,3,24
"710","High.Elevation",21,87,1
"711","High.Elevation",33,38,24
"712","High.Elevation",18,8,34
"713","High.Elevation",26,70,13
"714","High.Elevation",28,60,24
"715","High.Elevation",15,6,42
"716","High.Elevation",1,60,34
"717","High.Elevation",33,8,1
"718","High.Elevation",7,9,34
"719","High.Elevation",2,8,34
"720","High.Elevation",25,38,13
"721","High.Elevation",29,78,24
"722","High.Elevation",25,10,34
"723","High.Elevation",29,38,24
"724","High.Elevation",15,6,41
"725","High.Elevation",13,78,43
"726","High.Elevation",5,10,34
"727","High.Elevation",17,11,34
"728","High.Elevation",4,11,24
"729","High.Elevation",29,70,24
"730","High.Elevation",29,3,41
"731","High.Elevation",14,60,41
"732","High.Elevation",31,14,40
"733","High.Elevation",36,11,41
"734","High.Elevation",25,70,40
"735","High.Elevation",17,14,40
"736","High.Elevation",9,10,24
"737","High.Elevation",10,8,43
"738","High.Elevation",19,70,41
"739","High.Elevation",36,27,40
"740","High.Elevation",11,8,2
"741","High.Elevation",39,8,24
"742","High.Elevation",31,87,41
"743","High.Elevation",30,9,34
"744","High.Elevation",54,87,40
"745","High.Elevation",16,8,24
"746","High.Elevation",4,15,34
"747","High.Elevation",40,17,3
"748","High.Elevation",28,11,34
"749","High.Elevation",29,13,44
"750","High.Elevation",32,3,34
"751","High.Elevation",13,8,34
"752","High.Elevation",37,3,34
"753","High.Elevation",15,70,40
"754","High.Elevation",28,87,40
"755","High.Elevation",68,13,6
"756","High.Elevation",14,25,42
"757","High.Elevation",38,10,43
"758","High.Elevation",37,9,42
"759","High.Elevation",71,22,5
"760","High.Elevation",32,12,42
"761","High.Elevation",17,17,41
"762","High.Elevation",41,9,41
"763","High.Elevation",58,37,8
"764","High.Elevation",41,20,40
"765","High.Elevation",35,19,3
"766","High.Elevation",36,17,6
"767","High.Elevation",68,24,4
"768","High.Elevation",58,29,42
"769","High.Elevation",31,12,41
"770","High.Elevation",38,19,3
"771","High.Elevation",48,22,6
"772","High.Elevation",36,10,34
"773","High.Elevation",50,24,40
"774","High.Elevation",24,22,43
"775","High.Elevation",5,28,40
"776","High.Elevation",35,14,24
"777","High.Elevation",40,20,3
"778","High.Elevation",15,14,40
"779","High.Elevation",30,10,34
"780","High.Elevation",37,19,3
"781","High.Elevation",35,6,42
"782","High.Elevation",25,15,40
"783","High.Elevation",24,14,24
"784","High.Elevation",26,21,44
"785","High.Elevation",14,15,43
"786","High.Elevation",27,10,34
"787","High.Elevation",29,8,40
"788","High.Elevation",41,36,5
"789","High.Elevation",21,22,40
"790","High.Elevation",21,22,43
"791","High.Elevation",15,13,40
"792","High.Elevation",29,11,41
"793","High.Elevation",3,19,43
"794","High.Elevation",27,40,3
"795","High.Elevation",14,24,34
"796","High.Elevation",31,29,43
"797","High.Elevation",17,14,41
"798","High.Elevation",37,21,42
"799","High.Elevation",11,10,43
"800","High.Elevation",15,11,40
"801","High.Elevation",14,14,40
"802","High.Elevation",18,15,42
"803","High.Elevation",25,78,13
"804","High.Elevation",44,8,42
"805","High.Elevation",36,14,5
"806","High.Elevation",13,78,43
"807","High.Elevation",29,6,44
"808","High.Elevation",27,11,34
"809","High.Elevation",35,31,15
"810","High.Elevation",25,49,40
"811","High.Elevation",21,38,34
"812","High.Elevation",30,8,41
"813","Rocky",7,13,3
"814","Rocky",11,38,24
"815","Rocky",13,78,41
"816","Rocky",19,87,42
"817","Rocky",26,10,42
"818","Rocky",24,78,4
"819","Rocky",15,78,40
"820","Rocky",10,70,24
"821","Rocky",22,87,34
"822","Rocky",43,13,6
"823","Rocky",27,78,42
"824","Rocky",28,10,43
"825","Rocky",31,12,44
"826","Rocky",16,49,24
"827","Rocky",22,87,41
"828","Rocky",9,17,24
"829","Rocky",5,13,13
"830","Rocky",13,70,34
"831","Rocky",27,14,34
"832","Rocky",10,38,34
"833","Rocky",13,15,34
"834","Rocky",16,70,34
"835","Rocky",16,3,24
"836","Rocky",24,18,40
"837","Rocky",15,13,24
"838","Rocky",37,8,41
"839","Rocky",31,13,42
"840","Rocky",6,11,13
"841","Rocky",7,6,40
"842","Rocky",24,9,43
"843","Rocky",24,87,42
"844","Rocky",67,11,13
"845","Rocky",4,3,40
"846","Rocky",79,78,34
"847","Rocky",1,15,34
"848","Rocky",79,60,34
"849","Rocky",3,3,40
"850","Rocky",56,87,13
"851","Rocky",1,13,41
"852","Rocky",74,9,40
"853","Rocky",74,9,40
"854","Rocky",45,60,34
"855","Rocky",74,3,34
"856","Rocky",1,10,24
"857","Rocky",2,17,34
"858","Rocky",1,9,24
"859","Rocky",74,11,24
"860","Rocky",79,12,34
"861","Rocky",6,20,24
"862","Rocky",5,22,40
"863","Rocky",4,14,40
"864","Rocky",12,3,40
"865","Rocky",2,12,24
"866","Rocky",67,12,13
"867","Rocky",79,17,24
"868","Rocky",3,11,13
"869","Rocky",1,12,34
"870","Rocky",79,15,13
"871","Rocky",2,23,40
"872","Rocky",3,18,40
"873","Rocky",74,14,24
"874","Rocky",10,18,41
"875","Rocky",3,21,40
"876","Rocky",9,19,40
"877","Rocky",13,20,40
"878","Rocky",9,30,34
"879","Rocky",5,14,34
"880","Rocky",79,23,34
"881","Rocky",10,25,40
"882","Rocky",4,17,34
"883","Rocky",79,18,34
"884","Rocky",12,87,34
"885","Semideciduous",7,60,41
"886","Semideciduous",10,9,40
"887","Semideciduous",4,1,2
"888","Semideciduous",14,60,13
"889","Semideciduous",11,60,13
"890","Semideciduous",14,27,34
"891","Semideciduous",14,38,13
"892","Semideciduous",5,49,13
"893","Semideciduous",13,70,24
"894","Semideciduous",9,70,24
"895","Semideciduous",16,49,13
"896","Semideciduous",18,78,24
"897","Semideciduous",5,38,34
"898","Semideciduous",18,70,13
"899","Semideciduous",18,70,24
"900","Semideciduous",19,6,40
"901","Semideciduous",14,3,34
"902","Semideciduous",17,17,42
"903","Semideciduous",13,38,34
"904","Semideciduous",13,6,24
"905","Semideciduous",20,11,40
"906","Semideciduous",22,10,41
"907","Semideciduous",20,13,41
"908","Semideciduous",19,17,41
"909","Semideciduous",39,29,4
"910","Semideciduous",18,13,40
"911","Semideciduous",24,13,41
"912","Semideciduous",21,8,42
"913","Semideciduous",10,9,34
"914","Semideciduous",16,12,4
"915","Semideciduous",9,8,41
"916","Semideciduous",2,15,34
"917","Semideciduous",9,9,34
"918","Semideciduous",15,13,40
"919","Semideciduous",14,19,42
"920","Semideciduous",13,11,34
"921","Semideciduous",17,12,40
"922","Semideciduous",18,17,42
"923","Semideciduous",2,10,24
"924","Semideciduous",6,10,34
"925","Semideciduous",9,3,24
"926","Semideciduous",14,78,13
"927","Semideciduous",7,8,34
"928","Semideciduous",1,10,41
"929","Semideciduous",25,13,34
"930","Semideciduous",4,8,24
"931","Semideciduous",6,8,40
"932","Semideciduous",24,13,42
"933","Semideciduous",6,9,40
"934","Semideciduous",17,10,40
"935","Semideciduous",7,12,41
"936","Semideciduous",9,11,34
"937","Semideciduous",18,9,44
"938","Semideciduous",24,10,34
"939","Semideciduous",15,6,42
"940","Semideciduous",5,13,34
"941","Semideciduous",13,8,24
"942","Semideciduous",7,6,34
"943","Semideciduous",10,10,41
"944","Semideciduous",5,9,41
"945","Semideciduous",5,13,40
"946","Semideciduous",6,15,34
"947","Semideciduous",4,12,34
"948","Semideciduous",5,6,24
"949","Semideciduous",9,14,40
"950","Semideciduous",4,9,24
"951","Semideciduous",3,14,1
"952","Semideciduous",5,3,40
"953","Semideciduous",3,13,24
"954","Semideciduous",5,6,40
"955","Semideciduous",7,17,34
"956","Semideciduous",7,13,24
"957","Semideciduous",6,9,40
"958","Semideciduous",18,8,34
"959","Semideciduous",6,78,34
"960","Semideciduous",4,8,24
"961","Semideciduous",15,20,34
"962","Semideciduous",4,11,24
"963","Semideciduous",13,24,34
"964","Semideciduous",14,18,24
"965","Semideciduous",6,12,34
"966","Semideciduous",6,13,40
"967","Semideciduous",22,8,13
"968","Semideciduous",7,13,42
"969","Semideciduous",9,9,34
"970","Semideciduous",10,13,41
"971","Semideciduous",6,28,41
"972","Semideciduous",16,9,24
"973","Semideciduous",5,14,41
"974","Semideciduous",16,11,24
"975","Semideciduous",13,17,40
"976","Semideciduous",2,10,13
"977","Semideciduous",17,19,41
"978","Semideciduous",10,19,41
"979","Semideciduous",19,21,34
"980","Semideciduous",79,10,40
"981","Semideciduous",22,15,40
"982","Semideciduous",1,14,24
"983","Semideciduous",15,24,43
"984","Semideciduous",19,26,41
"985","Semideciduous",17,26,42
"986","Semideciduous",1,20,43
"987","Semideciduous",5,15,24
"988","Semideciduous",9,18,43
"989","Semideciduous",2,11,34
"990","Semideciduous",24,29,3
"991","Semideciduous",79,13,24
"992","Semideciduous",15,20,44
"993","Semideciduous",1,13,24
"994","Semideciduous",45,11,34
"995","Semideciduous",7,17,42
"996","Semideciduous",74,8,40
"997","Semideciduous",56,11,2
"998","Semideciduous",67,15,2
"999","Semideciduous",1,11,24
"1000","Semideciduous",74,10,13
"1001","Semideciduous",67,78,24
"1002","Semideciduous",79,6,34
"1003","Semideciduous",67,13,2
"1004","Semideciduous",3,14,41
"1005","Semideciduous",17,24,44
"1006","Semideciduous",1,12,24
"1007","Semideciduous",56,87,34
"1008","Semideciduous",10,22,43
"1009","Semideciduous",9,15,44
"1010","Semideciduous",6,70,42
"1011","Semideciduous",17,3,3
"1012","Semideciduous",13,8,43
"1013","Semideciduous",11,87,41
"1014","Semideciduous",18,24,6
"1015","Semideciduous",10,19,42
"1016","Semideciduous",11,24,43
"1017","Semideciduous",6,24,24
"1018","Semideciduous",4,22,40
"1019","Semideciduous",4,29,34
"1020","Semideciduous",14,25,42
"1021","Semideciduous",4,19,40
"1022","Semideciduous",74,78,34
"1023","Semideciduous",2,13,41
"1024","Semideciduous",6,10,41
"1025","Semideciduous",7,23,42
"1026","Semideciduous",14,22,43
"1027","Semideciduous",11,12,3
"1028","Semideciduous",14,25,41
"1029","Semideciduous",4,14,42
"1030","Semideciduous",15,21,41
"1031","Semideciduous",15,25,41
"1032","Semideciduous",10,13,44
"1033","Semideciduous",10,24,34
"1034","Semideciduous",18,23,44
"1035","Semideciduous",10,11,5
"1036","Semideciduous",28,32,43
"1037","Semideciduous",14,24,40
"1038","Semideciduous",9,20,42
"1039","Semideciduous",15,17,9
"1040","Semideciduous",21,30,10
"1041","Semideciduous",33,34,5
"1042","Semideciduous",7,18,3
"1043","Semideciduous",13,24,42
"1044","Semideciduous",16,28,44
"1045","Semideciduous",21,36,4
"1046","Semideciduous",4,14,41
"1047","Semideciduous",13,8,44
"1048","Semideciduous",3,8,40
"1049","Semideciduous",19,22,40
"1050","Semideciduous",16,25,42
"1051","Semideciduous",26,26,41
"1052","Semideciduous",16,28,3
"1053","Semideciduous",18,20,44
"1054","Semideciduous",16,28,6
"1055","Semideciduous",16,26,40
"1056","Semideciduous",14,31,41
"1057","Semideciduous",27,29,8
"1058","Semideciduous",21,23,42
"1059","Semideciduous",15,23,40
"1060","Semideciduous",26,36,6
"1061","Semideciduous",15,22,5
"1062","Semideciduous",4,19,41
"1063","Semideciduous",4,41,44
"1064","Semideciduous",19,26,6
"1065","Semideciduous",16,21,43
"1066","Semideciduous",10,20,5
"1067","Semideciduous",19,22,3
"1068","Semideciduous",16,26,4
"1069","Semideciduous",5,28,41
"1070","Semideciduous",17,29,41
"1071","Semideciduous",7,23,43
"1072","Semideciduous",16,37,44
"1073","Semideciduous",15,20,43
"1074","Semideciduous",15,33,34
"1075","Semideciduous",13,35,3
"1076","Semideciduous",11,31,41
"1077","Semideciduous",9,33,41
"1078","Semideciduous",13,29,42
"1079","Semideciduous",9,17,41
"1080","Semideciduous",11,26,44
"1081","Semideciduous",16,39,3
"1082","Semideciduous",14,32,44
"1083","Semideciduous",9,24,40
"1084","Semideciduous",17,31,42
"1085","Semideciduous",9,24,41
"1086","Semideciduous",41,52,7
"1087","Semideciduous",10,25,44
"1088","Semideciduous",2,13,3
"1089","Semideciduous",15,28,43
"1090","Semideciduous",28,31,5
"1091","Semideciduous",11,26,43
"1092","Semideciduous",10,30,43
"1093","Semideciduous",67,17,4
"1094","Semideciduous",19,35,44
"1095","Semideciduous",19,40,4
"1096","Semideciduous",15,28,4
"1097","Semideciduous",45,49,13
"1098","Semideciduous",55,63,23
"1099","Semideciduous",16,40,8
"1100","Semideciduous",31,35,5
"1101","Semideciduous",15,26,44
"1102","Semideciduous",19,39,43
"1103","Semideciduous",31,40,7
"1104","Semideciduous",5,32,7
"1105","Semideciduous",34,60,13
"1106","Semideciduous",13,28,3
"1107","Semideciduous",3,19,42
"1108","Semideciduous",18,34,4
"1109","Semideciduous",30,43,7
"1110","Semideciduous",9,29,4
"1111","Semideciduous",14,29,44
"1112","Semideciduous",23,60,34
"1113","Semideciduous",22,40,16
"1114","Semideciduous",4,19,34
"1115","Semideciduous",17,28,4
"1116","Semideciduous",1,23,43
"1117","Semideciduous",9,40,4
"1118","Semideciduous",10,22,7
"1119","Semideciduous",13,23,12
"1120","Semideciduous",17,32,5
"1121","Semideciduous",17,33,6
"1122","Semideciduous",25,24,3
"1123","Semideciduous",45,49,13
"1124","Semideciduous",25,39,8
"1125","Semideciduous",36,32,12
"1126","Semideciduous",11,31,4
"1127","Semideciduous",19,51,8
"1128","Semideciduous",13,21,3
"1129","Semideciduous",4,30,6
"1130","Semideciduous",25,25,3
"1131","Semideciduous",26,47,14
"1132","Semideciduous",22,28,8
"1133","Semideciduous",67,48,5
"1134","Semideciduous",6,13,24
"1135","Semideciduous",4,42,43
"1136","Semideciduous",16,32,44
"1137","Semideciduous",15,30,43
"1138","Semideciduous",9,22,41
"1139","Semideciduous",17,40,44
"1140","Semideciduous",20,11,44
"1141","Semideciduous",4,52,42
"1142","Semideciduous",21,22,44
"1143","Semideciduous",11,36,3
"1144","Semideciduous",25,40,15
"1145","Semideciduous",28,39,20
"1146","Semideciduous",7,22,3
"1147","Semideciduous",11,18,41
"1148","Semideciduous",21,20,5
"1149","Semideciduous",20,39,16
"1150","Semideciduous",7,20,3
"1151","Semideciduous",22,34,7
"1152","Semideciduous",14,30,14
"1153","Semideciduous",2,43,42
"1154","Semideciduous",11,20,44
"1155","Semideciduous",14,46,41
"1156","Semideciduous",10,54,42
"1157","Semideciduous",20,13,44
"1158","Semideciduous",14,21,40
"1159","Semideciduous",5,29,41
"1160","Semideciduous",33,28,43
"1161","Semideciduous",21,19,44
"1162","Semideciduous",30,17,44
"1163","Semideciduous",26,9,44
"1164","Semideciduous",11,48,42
"1165","Semideciduous",13,24,24
"1166","Semideciduous",11,44,5
"1167","Semideciduous",20,30,44
"1168","Semideciduous",25,34,15
"1169","Semideciduous",13,34,6
"1170","Semideciduous",6,30,8
"1171","Semideciduous",14,52,41
"1172","Semideciduous",17,23,42
"1173","Semideciduous",50,26,9
"1174","Semideciduous",17,54,10
"1175","Semideciduous",13,19,4
"1176","Semideciduous",18,22,43
"1177","Semideciduous",6,54,6
"1178","Semideciduous",26,17,44
"1179","Semideciduous",19,13,44
"1180","Semideciduous",26,46,17
"1181","Semideciduous",13,29,6
"1182","Semideciduous",4,15,41
"1183","Semideciduous",1,25,6
"1184","Semideciduous",26,34,17
"1185","Semideciduous",47,23,12
"1186","Semideciduous",7,56,42
"1187","Semideciduous",2,24,40
"1188","Semideciduous",9,28,4
"1189","Semideciduous",47,66,21
"1190","Semideciduous",3,31,43
"1191","Semideciduous",24,66,44
"1192","Semideciduous",24,34,5
"1193","Semideciduous",5,50,42
"1194","Semideciduous",49,15,7
"1195","Semideciduous",10,22,41
"1196","Semideciduous",18,32,3
"1197","Semideciduous",14,24,6
"1198","Semideciduous",7,18,3
"1199","Semideciduous",4,26,42
"1200","Semideciduous",16,33,44
"1201","Semideciduous",6,23,43
"1202","Semideciduous",13,54,44
"1203","Semideciduous",1,37,34
"1204","Semideciduous",20,64,21
"1205","Semideciduous",5,17,40
"1206","Semideciduous",18,25,5
"1207","Semideciduous",6,20,7
"1208","Semideciduous",13,24,44
"1209","Semideciduous",21,41,15
"1210","Semideciduous",14,22,44
"1211","Semideciduous",13,15,3
"1212","Semideciduous",11,30,4
"1213","Semideciduous",3,54,44
"1214","Semideciduous",56,31,44
"1215","Semideciduous",29,28,41
"1216","Semideciduous",22,57,28
"1217","Semideciduous",4,26,5
"1218","Semideciduous",21,24,3
"1219","Semideciduous",7,20,43
"1220","Semideciduous",17,56,44
"1221","Semideciduous",7,33,4
"1222","Semideciduous",31,55,11
"1223","Semideciduous",26,33,10
"1224","Semideciduous",25,24,8
"1225","Semideciduous",15,26,5
"1226","Semideciduous",22,29,3
"1227","Semideciduous",46,33,9
"1228","Semideciduous",38,67,12
"1229","Semideciduous",14,23,3
"1230","Semideciduous",5,29,5
"1231","Semideciduous",6,24,5
"1232","Semideciduous",3,19,41
"1233","Semideciduous",30,57,11
"1234","Semideciduous",26,39,40
"1235","Semideciduous",3,20,7
"1236","Semideciduous",25,37,4
"1237","Semideciduous",20,29,5
"1238","Semideciduous",24,36,7
"1239","Semideciduous",25,22,8
"1240","Semideciduous",21,29,43
"1241","Semideciduous",30,33,7
"1242","Semideciduous",4,43,43
"1243","Semideciduous",25,32,4
"1244","Semideciduous",25,29,3
"1245","Semideciduous",9,62,44
"1246","Semideciduous",1,31,44
"1247","Semideciduous",25,33,4
"1248","Semideciduous",7,25,5
"1249","Semideciduous",28,17,5
"1250","Semideciduous",18,25,5
"1251","Semideciduous",3,23,7
"1252","Semideciduous",1,15,3
"1253","Semideciduous",33,31,10
"1254","Semideciduous",30,62,11
"1255","Semideciduous",6,23,41
"1256","Semideciduous",18,24,14
"1257","Semideciduous",24,57,17
"1258","Semideciduous",3,42,43
"1259","Semideciduous",20,45,7
"1260","Semideciduous",19,33,3
"1261","Semideciduous",2,17,4
"1262","Semideciduous",26,14,4
"1263","Semideciduous",21,31,43
"1264","Semideciduous",32,20,4
"1265","Semideciduous",20,28,44
"1266","Semideciduous",14,59,18
"1267","Semideciduous",11,43,10
"1268","Semideciduous",28,23,4
"1269","Semideciduous",9,29,44
"1270","Semideciduous",21,31,44
"1271","Semideciduous",79,36,9
"1272","Semideciduous",4,26,3
"1273","Semideciduous",25,51,11
"1274","Semideciduous",6,44,9
"1275","Semideciduous",31,79,30
"1276","Semideciduous",21,26,42
"1277","Semideciduous",67,21,4
"1278","Semideciduous",3,28,6
"1279","Semideciduous",35,76,18
"1280","Semideciduous",7,28,6
"1281","Semideciduous",74,20,4
"1282","Semideciduous",25,52,16
"1283","Semideciduous",16,28,4
"1284","Semideciduous",9,28,43
"1285","Semideciduous",3,36,5
"1286","Semideciduous",25,45,4
"1287","Semideciduous",38,42,10
"1288","Semideciduous",79,17,43
"1289","Semideciduous",3,34,6
"1290","Semideciduous",11,37,9
"1291","Semideciduous",2,24,42
"1292","Semideciduous",11,31,4
"1293","Semideciduous",2,26,7
"1294","Semideciduous",13,47,44
"1295","Semideciduous",33,32,7
"1296","Semideciduous",1,24,5
"1297","Semideciduous",4,28,7
"1298","Semideciduous",79,18,43
"1299","Semideciduous",1,34,3
"1300","Semideciduous",14,36,5
"1301","Semideciduous",10,51,7
"1302","Semideciduous",6,22,44
"1303","Semideciduous",28,62,15
"1304","Semideciduous",3,31,44
"1305","Semideciduous",3,21,44
"1306","Semideciduous",25,47,5
"1307","Semideciduous",79,22,4
"1308","Semideciduous",21,54,11
"1309","Semideciduous",7,31,4
"1310","Semideciduous",29,39,8
"1311","Semideciduous",32,43,7
"1312","Semideciduous",7,40,6
"1313","Semideciduous",16,55,8
"1314","Semideciduous",67,23,4
"1315","Semideciduous",1,20,3
"1316","Semideciduous",31,55,19
"1317","Semideciduous",4,24,44
"1318","Semideciduous",1,15,3
"1319","Semideciduous",10,34,6
"1320","Semideciduous",24,26,44
"1321","Semideciduous",35,47,15
"1322","Semideciduous",17,45,4
"1323","Semideciduous",32,42,5
"1324","Semideciduous",16,37,6
"1325","Semideciduous",56,15,3
"1326","Semideciduous",29,41,10
"1327","Semideciduous",25,57,11
"1328","Semideciduous",74,23,42
"1329","Semideciduous",14,36,42
"1330","Semideciduous",4,23,43
"1331","Semideciduous",38,36,12
"1332","Semideciduous",74,18,5
"1333","Semideciduous",17,42,7
"1334","Semideciduous",2,21,5
"1335","Semideciduous",35,45,7
"1336","Semideciduous",15,30,3
"1337","Semideciduous",13,34,8
"1338","Semideciduous",33,64,19
"1339","Semideciduous",37,52,8
"1340","Semideciduous",14,59,27
"1341","Semideciduous",36,29,43
"1342","Semideciduous",2,40,5
"1343","Semideciduous",32,67,14
"1344","Semideciduous",15,39,3
"1345","Semideciduous",14,34,11
"1346","Semideciduous",26,52,10
"1347","Semideciduous",11,30,42
"1348","Semideciduous",6,30,42
"1349","Semideciduous",15,45,8
"1350","Semideciduous",47,80,28
"1351","Semideciduous",29,59,14
"1352","Semideciduous",14,39,5
"1353","Semideciduous",16,36,41
"1354","Semideciduous",29,67,18
"1355","Semideciduous",79,71,3
"1356","Semideciduous",14,36,44
"1357","Semideciduous",25,42,10
"1358","Semideciduous",3,62,4
"1359","Semideciduous",1,50,3
"1360","Semideciduous",18,72,7
"1361","Semideciduous",17,34,4
"1362","Semideciduous",30,47,5
"1363","Semideciduous",4,61,42
"1364","Semideciduous",22,42,7
"1365","Semideciduous",16,40,5
"1366","Semideciduous",10,57,6
"1367","Semideciduous",10,51,6
"1368","Semideciduous",41,40,8
"1369","Semideciduous",17,39,44
"1370","Semideciduous",4,31,44
"1371","Semideciduous",21,23,6
"1372","Semideciduous",6,45,5
"1373","Semideciduous",19,59,11
"1374","Semideciduous",32,45,5
"1375","Semideciduous",25,47,11
"1376","Semideciduous",24,56,17
"1377","Semideciduous",14,42,8
"1378","Semideciduous",4,31,5
"1379","Semideciduous",29,57,12
"1380","Semideciduous",7,26,5
"1381","Semideciduous",26,36,4
"1382","Semideciduous",21,44,3
"1383","Semideciduous",27,56,12
"1384","Semideciduous",14,36,7
"1385","Semideciduous",15,31,4
"1386","Semideciduous",2,28,42
"1387","Semideciduous",4,17,4
"1388","Semideciduous",27,35,11
"1389","Semideciduous",11,33,9
"1390","Semideciduous",13,33,6
"1391","Semideciduous",6,52,5
"1392","Semideciduous",27,19,5
"1393","Semideciduous",6,28,41
"1394","Semideciduous",9,61,6
"1395","Semideciduous",11,42,44
"1396","Semideciduous",21,36,4
"1397","Semideciduous",9,37,5
"1398","Semideciduous",25,32,6
"1399","Semideciduous",27,29,6
"1400","Semideciduous",5,31,8
"1401","Semideciduous",7,42,44
"1402","Semideciduous",11,64,5
"1403","Semideciduous",30,45,4
"1404","Semideciduous",19,21,5
"1405","Semideciduous",28,40,10
"1406","Semideciduous",28,40,7
"1407","Semideciduous",17,58,6
"1408","Semideciduous",22,54,10
"1409","Semideciduous",17,57,9
"1410","Semideciduous",17,29,6
"1411","Semideciduous",3,44,44
"1412","Semideciduous",16,45,5
"1413","Semideciduous",16,41,44
"1414","Semideciduous",7,29,43
"1415","Semideciduous",20,52,4
"1416","Semideciduous",15,33,44
"1417","Semideciduous",9,33,5
"1418","Semideciduous",18,62,4
"1419","Semideciduous",14,33,5
"1420","Semideciduous",19,41,5
"1421","Semideciduous",7,21,42
"1422","Semideciduous",9,55,4
"1423","Semideciduous",17,28,5
"1424","Semideciduous",11,34,43
"1425","Semideciduous",3,25,44
"1426","Semideciduous",22,34,8
"1427","Semideciduous",10,53,44
"1428","Semideciduous",17,65,6
"1429","Semideciduous",11,31,43
"1430","Semideciduous",32,66,9
"1431","Semideciduous",11,44,41
"1432","Semideciduous",67,20,3
"1433","Semideciduous",14,39,6
"1434","Semideciduous",2,41,4
"1435","Semideciduous",5,32,9
"1436","Semideciduous",9,35,7
"1437","Semideciduous",4,29,40
"1438","Semideciduous",2,24,41
"1439","Semideciduous",79,28,42
"1440","Semideciduous",15,30,40
"1441","Semideciduous",56,18,34
"1442","Semideciduous",10,20,41
"1443","Semideciduous",4,43,40
"1444","Semideciduous",6,46,10
"1445","Semideciduous",1,34,40
"1446","Semideciduous",74,64,40
"1447","Semideciduous",56,39,4
"1448","Semideciduous",1,40,40
"1449","Semideciduous",79,25,9
"1450","Semideciduous",3,37,7
"1451","Semideciduous",11,36,6
"1452","Semideciduous",5,44,4
"1453","Semideciduous",19,44,6
"1454","Semideciduous",10,33,44
"1455","Semideciduous",1,36,44
"1456","Semideciduous",17,15,6
"1457","Semideciduous",13,22,3
"1458","Semideciduous",18,36,3
"1459","Semideciduous",5,33,4
"1460","Semideciduous",25,33,3
"1461","Semideciduous",21,30,3
"1462","Semideciduous",17,33,4
"1463","Semideciduous",18,34,43
"1464","Semideciduous",10,40,44
"1465","Semideciduous",21,21,6
"1466","Semideciduous",4,32,24
"1467","Semideciduous",24,31,5
"1468","Semideciduous",21,41,12
"1469","Semideciduous",18,20,4
"1470","Semideciduous",7,36,42
"1471","Semideciduous",7,41,3
"1472","Semideciduous",4,32,3
"1473","Semideciduous",14,26,43
"1474","Semideciduous",26,34,4
"1475","Semideciduous",11,23,43
"1476","Semideciduous",9,26,44
"1477","Semideciduous",15,31,5
"1478","Semideciduous",21,42,8
"1479","Semideciduous",5,19,40
"1480","Semideciduous",10,22,4
"1481","Semideciduous",6,36,5
"1482","Semideciduous",9,18,43
"1483","Semideciduous",6,30,43
"1484","Semideciduous",10,23,43
"1485","Semideciduous",16,25,43
"1486","Semideciduous",15,21,4
"1487","Semideciduous",17,28,7
"1488","Semideciduous",10,25,41
"1489","Semideciduous",16,23,42
"1490","Semideciduous",15,15,42
"1491","Semideciduous",7,15,4
"1492","Semideciduous",15,33,5
"1493","Semideciduous",4,28,7
"1494","Semideciduous",7,29,5
"1495","Semideciduous",1,26,42
"1496","Semideciduous",15,48,7
"1497","Semideciduous",9,23,4
"1498","Semideciduous",9,32,44
"1499","Semideciduous",79,24,42
"1500","Semideciduous",10,29,3
"1501","Semideciduous",4,23,41
"1502","Semideciduous",5,28,40
"1503","Semideciduous",5,36,9
"1504","Semideciduous",6,28,40
"1505","Semideciduous",2,35,4
"1506","Semideciduous",29,26,5
"1507","Semideciduous",4,18,42
"1508","Semideciduous",5,43,43
"1509","Semideciduous",1,35,42
"1510","Semideciduous",5,10,43
"1511","Semideciduous",10,35,7
"1512","Semideciduous",5,34,43
"1513","Semideciduous",7,29,3
"1514","Semideciduous",13,29,44
"1515","Semideciduous",2,26,43
"1516","Semideciduous",2,19,34
"1517","Semideciduous",7,30,4
"1518","Semideciduous",1,20,34
"1519","Semideciduous",6,8,13
"1520","Semideciduous",3,15,41
"1521","Semideciduous",13,45,5
"1522","Semideciduous",10,22,42
"1523","Semideciduous",1,20,42
"1524","Semideciduous",10,41,8
"1525","Semideciduous",16,48,6
"1526","Semideciduous",4,48,6
"1527","Semideciduous",11,36,5
"1528","Semideciduous",3,32,3
"1529","Semideciduous",5,23,44
"1530","Semideciduous",15,43,9
"1531","Semideciduous",16,44,6
"1532","Semideciduous",4,29,41
"1533","Semideciduous",14,23,43
"1534","Semideciduous",15,21,42
"1535","Semideciduous",17,20,43
"1536","Semideciduous",19,35,43
"1537","Semideciduous",7,34,6
"1538","Semideciduous",17,35,11
"1539","Semideciduous",5,29,10
"1540","Semideciduous",6,24,11
"1541","Semideciduous",56,20,8
"1542","Semideciduous",4,41,10
"1543","Semideciduous",1,31,6
"1544","Semideciduous",7,32,10
"1545","Semideciduous",6,13,5
"1546","Semideciduous",7,34,5
"1547","Semideciduous",4,26,5
"1548","High.Elevation",45,2,2
"1549","High.Elevation",34,2,1
"1550","High.Elevation",45,70,1
"1551","High.Elevation",12,18,2
"1552","High.Elevation",34,13,2
"1553","High.Elevation",56,3,13
"1554","High.Elevation",56,2,2
"1555","High.Elevation",45,9,24
"1556","High.Elevation",45,10,13
"1557","High.Elevation",45,9,2
"1558","High.Elevation",67,27,13
"1559","High.Elevation",34,38,2
"1560","High.Elevation",3,70,13
"1561","High.Elevation",3,27,13
"1562","High.Elevation",67,11,13
"1563","High.Elevation",67,2,13
"1564","High.Elevation",67,87,2
"1565","High.Elevation",2,38,24
"1566","High.Elevation",79,16,24
"1567","High.Elevation",3,87,2
"1568","High.Elevation",67,6,2
"1569","High.Elevation",79,6,13
"1570","High.Elevation",2,11,13
"1571","High.Elevation",79,9,2
"1572","High.Elevation",5,38,24
"1573","High.Elevation",74,16,13
"1574","High.Elevation",67,27,2
"1575","High.Elevation",74,3,2
"1576","High.Elevation",1,49,34
"1577","High.Elevation",6,10,24
"1578","High.Elevation",4,38,13
"1579","High.Elevation",1,2,13
"1580","High.Elevation",1,16,13
"1581","High.Elevation",5,49,2
"1582","High.Elevation",56,60,13
"1583","High.Elevation",5,3,13
"1584","High.Elevation",74,2,13
"1585","High.Elevation",5,78,24
"1586","High.Elevation",79,8,2
"1587","High.Elevation",2,9,24
"1588","High.Elevation",5,38,24
"1589","High.Elevation",1,27,13
"1590","High.Elevation",74,16,2
"1591","High.Elevation",3,49,2
"1592","High.Elevation",4,27,13
"1593","High.Elevation",74,27,1
"1594","High.Elevation",1,16,13
"1595","High.Elevation",2,12,2
"1596","High.Elevation",79,10,13
"1597","High.Elevation",4,3,13
"1598","High.Elevation",1,27,24
"1599","High.Elevation",6,49,2
"1600","High.Elevation",79,27,40
"1601","High.Elevation",5,49,34
"1602","High.Elevation",4,70,13
"1603","High.Elevation",6,49,13
"1604","High.Elevation",2,13,13
"1605","High.Elevation",9,87,13
"1606","High.Elevation",4,9,2
"1607","High.Elevation",5,60,24
"1608","High.Elevation",9,10,13
"1609","High.Elevation",10,8,34
"1610","High.Elevation",6,78,24
"1611","High.Elevation",2,9,34
"1612","High.Elevation",7,6,13
"1613","High.Elevation",4,87,24
"1614","High.Elevation",1,10,2
"1615","High.Elevation",5,70,24
"1616","High.Elevation",79,6,34
"1617","High.Elevation",4,13,40
"1618","High.Elevation",79,3,2
"1619","High.Elevation",1,78,2
"1620","High.Elevation",9,9,34
"1621","Riverine",5,14,44
"1622","Riverine",4,14,44
"1623","Riverine",3,10,43
"1624","Riverine",14,12,42
"1625","Riverine",2,24,3
"1626","Riverine",18,15,42
"1627","Riverine",1,15,34
"1628","Riverine",7,25,5
"1629","Riverine",15,26,43
"1630","Riverine",7,27,34
"1631","Riverine",7,28,41
"1632","Riverine",6,26,43
"1633","Riverine",24,33,7
"1634","Riverine",19,34,9
"1635","Riverine",13,34,3
"1636","Riverine",20,33,8
"1637","Riverine",15,2,3
"1638","Riverine",9,10,41
"1639","Riverine",11,33,5
"1640","Riverine",6,25,44
"1641","Riverine",5,21,43
"1642","Riverine",13,35,3
"1643","Riverine",79,18,34
"1644","Riverine",9,70,13
"1645","Riverine",5,18,44
"1646","Riverine",11,28,5
"1647","Riverine",2,29,44
"1648","Riverine",67,14,34
"1649","Riverine",6,26,44
"1650","Riverine",17,15,41
"1651","Riverine",10,35,5
"1652","Riverine",7,22,6
"1653","Riverine",10,40,8
"1654","Riverine",10,41,9
"1655","Riverine",4,22,34
"1656","Riverine",18,57,7
"1657","Riverine",19,47,4
"1658","Riverine",7,30,4
"1659","Riverine",4,30,44
"1660","Riverine",7,12,4
"1661","Riverine",11,37,14
"1662","Riverine",6,25,5
"1663","Riverine",9,23,41
"1664","Riverine",14,22,9
"1665","Riverine",3,20,44
"1666","Riverine",9,34,8
"1667","Riverine",9,17,6
"1668","Riverine",6,17,43
"1669","Riverine",4,25,3
"1670","Riverine",13,14,5
"1671","Riverine",1,21,43
"1672","Riverine",2,35,5
"1673","Riverine",5,34,9
"1674","Riverine",3,26,7
"1675","Riverine",3,26,43
"1676","Riverine",4,22,6
"1677","Riverine",13,25,7
"1678","Riverine",6,18,41
"1679","Riverine",15,46,11
"1680","Riverine",6,39,43
"1681","Riverine",16,23,9
"1682","Riverine",7,31,42
"1683","Riverine",3,21,8
"1684","Riverine",6,26,4
"1685","Riverine",14,6,44
"1686","Riverine",6,14,6
"1687","Riverine",10,19,43
"1688","Riverine",9,22,4
"1689","Riverine",2,20,3
"1690","Riverine",19,15,10
"1691","Riverine",11,41,12
"1692","Riverine",5,28,4
"1693","Riverine",5,25,5
"1694","Riverine",74,18,41
"1695","Riverine",3,22,6
"1696","Riverine",3,29,9
"1697","Riverine",1,32,5
"1698","Riverine",2,24,7
"1699","Riverine",3,2,43
"1700","Riverine",2,31,42
"1701","Riverine",13,22,6
"1702","Riverine",10,45,8
"1703","Riverine",3,32,5
"1704","Riverine",4,20,8
"1705","Riverine",13,26,42
"1706","Riverine",74,43,44
"1707","Riverine",9,23,9
"1708","Riverine",22,43,8
"1709","Riverine",67,31,41
"1710","Riverine",3,25,8
"1711","Riverine",4,30,42
"1712","Riverine",3,30,14
"1713","Riverine",20,32,6
"1714","Riverine",6,34,44
"1715","Riverine",14,37,10
"1716","Riverine",79,37,43
"1717","Riverine",5,22,3
"1718","Riverine",7,25,6
"1719","Riverine",22,37,16
"1720","Riverine",10,32,11
"1721","Riverine",2,87,44
"1722","Riverine",1,17,3
"1723","Riverine",5,14,5
"1724","Riverine",4,24,8
"1725","Riverine",7,12,34
"1726","Riverine",2,22,42
"1727","Riverine",7,31,12
"1728","Riverine",2,30,10
"1729","Riverine",6,22,8
"1730","Riverine",7,30,14
"1731","Riverine",74,39,6
"1732","Riverine",6,30,7
"1733","Riverine",2,19,43
"1734","Riverine",67,78,4
"1735","Riverine",3,20,43
"1736","Riverine",10,26,10
"1737","Riverine",6,19,40
"1738","Riverine",6,18,3
"1739","Riverine",6,12,3
"1740","Riverine",3,12,6
"1741","Riverine",74,19,42
"1742","Riverine",79,23,41
"1743","Riverine",74,15,43
"1744","Riverine",4,15,42
"1745","Riverine",34,30,43
"1746","Riverine",34,25,4
"1747","Riverine",56,25,41
"1748","Riverine",6,18,7
"1749","Riverine",74,34,4
"1750","Riverine",79,12,43
"1751","Riverine",79,29,41
"1752","Riverine",3,29,6
"1753","Riverine",79,25,42
